a虁br虁o虂	a虁br虁o虂
a虁da虂m	a虁da虁m	a虁da虂m
a虁n	a虁n	a虂n
a虁na虁艐a虂	a虁na虁艐a虂	a虁na虂艐a虂	a虁n艐a虂
a虁pi虁t酞蓴虂	a虁pi虁t酞蓴虂
a虁p删i虂	a虁p删i虂	a虂p删i虂
a虁p删i虂刹a虂	a虁p删i虂刹a虂	a虂pri虂刹a虂	a虂p删i虂刹a虂
a虁re虂	a虁re虂
a虁t酞a虂	a虁t酞	a虁t酞a虂
a虁t酞u虁蔁a虃j	a虁t酞u虁蔁a虃j
a虁冒a虁t酞a虂	a虁冒a虁t酞a虂
a虁va虁n	a虁va虁n	a虂va虁n
a虁山a虁艐ga虂r	a虁山a虁艐ga虂r
a虁删l虁a虂	a虁删l虁a虂
a虁删o虁	a虁删o虁
a虂br虂t酞蓴虂	a虂br虂t酞蓴虂
a虂ga虂_n蓴虂na虁	a虂ga虂_n蓴虂na虁
a虂ja虁	a虂ja虁
a虂la虂_删蓴虂冒a虁	a虂la虂_删蓴虂冒a虁
a虂l蓻虂	a虂l蓻虂
a虂l蓻虂la虁	a虂l蓻虂la虁
a虂ma虂ci虂	a虂ma虂ci虂
a虂mu虂冒蓻虂	a虂mu虂冒蓻虂
a虂no虂	a虂no虂
a虂rt酞蓴虂l	a虂rt酞蓴虂l	a虂删t酞蓴虂l
a虂rt酞蓴虂lo虂	a虂rt酞蓴虂lo虂
[so]	[so]
[yeah]	[yeah]
a虂sa虁	a虂sa虁
a虂u虁r	a虂u虁r
a虂ve虂	a虂ve虂
a虂艐蓴虁艐n蓴虂	a虂艐蓴虁艐n蓴虂
a虂删冒蓻虁	a虂删冒蓻虁
a虃艐t酞a虂t蓻虂	a虃艐t酞a虂t蓻虂
b蓻虂t蓻虁n	b蓻虂t蓻虁n
di虁j蓴虂	di虁j蓴虂	di虂j蓴虂
do虂	do虂
du虂n	du虂n
d蓴虁艐冒蓴虂	d蓴虁艐冒蓴虂
d蓴虂艐冒蓻虁	d蓴虂艐冒蓻虁
d蓻虁	d蓻虁
d酞u虂d酞蓴虁	d酞u虂d酞蓴虁	冒u虂d蓴虁
e虁d蓴虁山蓴虁	e虁d蓴虁山蓴虁	e虂d蓴虁山蓴虁
e虁d蓻虁山i虁	e虁d蓻虁山i虁	i虁d蓽虁山i虁
e虁d酞蓻虁删a虂	e虁d酞蓻虁删a虂
e虁ma虁山冒蓻虂n	e虁ma虁山冒蓻虂n
e虂d酞蓻虁删蓻虂	e虂d酞蓻虁删蓻虂
i虁b蓻虂j	i虁b蓻虂j
i虁l艐i虁n蓴虁	i虁l艐i虁n蓴虁
i虁l蓻虂冒蓻虂	i虁l蓻虂冒蓻虂
i虁ri虂	i虁ri虂	i虂ri虂
i虁t酞r蓻虂	i虁t酞r蓻虂
i虁刹a虂rvl蓻虃冒蓴虂	i虁刹a虂rvl蓻虃冒蓴虂
i虂d酞蓻虂r蓻虂n	i虂d酞蓻虂r蓻虂n
i虂gu虁n	i虂gu虁n
i虂j蓴虁	i虂j蓴虁	i虂j蓴虂
i虂j蓻虁	i虂j蓻虁
i虂mi虁da虂n	i虂mi虁da虂n
i虂nd蓴虁	i虂nd蓴虁
i虂n蓴虂n蓻虁	i虂n蓴虂n蓻虁
i虂冒u虁n	i虂冒u虁n
i虂艐ga虂	i虂艐ga虂
i虂艐ga虂_n蓴虂na虁	i虂艐ga虂_n蓴虁na虁	i虂艐ga虂_n蓴虂na虁
i虂艐ga虂_r虂na虁	i虂艐ga虂_r虂na虁	i虂艐ga虂rna虁
i虂艐ga虂_t酞蓹虁v蓴虂	i虂艐ga虂_t酞蓹虁v蓴虂
i虂艐ga虂冒u虂删u虂	i虂艐ga虂冒u虂删u虂
i虂艐ga虂冒蓹虂n蓴虁na虁	i虂艐ga虂冒蓹虂n蓴虁na虁
i虂艐g蓻虂la虂	i虂艐g蓻虂la虂
ja虁艐u虂	ja虁艐u虂
ja虂_d酞u虁删蓴虂	ja虂_d酞u虁删蓴虂
ja虂ja虁	ja虂ja虁
ja虂ji虂t酞蓴虂	ja虂ji虂t酞蓴虂
ja虂mi虁刹i虂	ja虂mi虁刹i虂
ja虂ra虁	ja虂ra虁
ja虂t酞蓴虂	ja虂t酞蓴虂
ja虂冒i虂di虁ja虁	ja虂冒i虂di虁ja虁
i虁r蓴虂	i虁r蓴虂	i虁删蓴虂	i虂删蓴虂
ja虁艐a虁l	ja虁艐a虁l
ja虁艐a虁la虁	ja虁艐a虁la虁	ja虂艐a虁la虁
ja虂艐ci虁n蓻虁	ja虂艐ci虁n蓻虁
ja虂艐蓻虃_v蓹虁l蓻虁冒蓴虂	ja虂艐蓻虃_v蓹虁l蓻虁冒蓴虂
ja虂山o虂	ja虂山o虂
ja虂删蓴虂j蓻虂	ja虂删蓴虂j蓻虂
ji虁c蓹虁lo虁	ji虁c蓹虁lo虁
ji虁ta虁n	ji虁ta虁n
ji虂gi虁刹蓴虂	ji虂gi虁刹蓴虂
ji虂t酞蓴虁	ji虂t酞蓴虁	ji虂t酞蓴虂
ju虃	ju虃
j蓴虂r虁n蓴虂	j蓴虂r虁n蓴虂
j蓹虁m蓻虁删冒蓴虂	j蓹虁m蓻虁删冒蓴虂
j蓹虁v蓹虁l蓻虁冒蓴虂l	j蓹虁v蓹虁l蓻虁冒蓴虂l
j蓻虁ga虁删蓴虂	j蓻虁ga虁删蓴虂	j蓻虂ga虁删o虂
j蓻虂a虁山o虂	j蓻虂a虁山o虂
j蓻虂ga虁删a虁t酞蓴虂	j蓻虂ga虁删a虁t酞蓴虂
j蓻虂u虁rmu虁冒蓴虂	j蓻虂u虁rmu虁冒蓴虂
j蓻虂v蓹虁l蓻虁ci虂	j蓻虂v蓹虁l蓻虁ci虂
j蓻虂v蓹虁l蓻虁c蓻虁ci虂	j蓻虂v蓹虁l蓻虁c蓻虁ci虂
j蓻虂艐g蓻虂n	j蓻虂艐g蓻虂n
j蓻虂删蓴虁冒i虁t酞蓴虂	j蓻虂删蓴虁冒i虁t酞蓴虂
j蓻虃	j蓻虃
ka虁	ka虁	ka虂
ka虁_ga虂删i虁ji虁	ka虁_ga虂删i虁ji虁
ka虁_冒a虂t酞蓻虁	ka虁_冒a虂t酞蓻虁
ka虁_冒蓹虂v蓹虁rl蓻虁冒蓴虂	ka虁_冒蓹虂v蓹虁rl蓻虁冒蓴虂
ka虁mi虁刹i虂	ka虁mi虁刹i虂
ka虁rt酞i虂艐i虁	ka虁rt酞i虂艐i虁
ka虁冒蓹虂n蓴虁na虁	ka虁冒蓹虂n蓴虁na虁
ka虁冒蓻虂艐蓻虂n	ka虁冒蓻虂艐蓻虂n
ka虁艐	ka虁艐
ka虁艐u虂	ka虁艐u虂
ka虁艐u虂艐	ka虁艐u虂艐
ka虁山蓹虁艐a虁t酞蓴虂	ka虁山蓹虁艐a虁t酞蓴虂
ka虁删i虂	ka虁删i虂
ka虁删o虂	ka虁删o虂	ka虁删蓴虂	ka虂删蓴虂
ka虁删u虂	ka虁删u虂
ka虂_d蓴虁艐冒蓴虂	ka虂_d蓴虁艐冒蓴虂
ka虂_u虂ti虁冒i虁j蓴虁	ka虂_u虂ti虁冒i虁j蓴虁
ka虂_冒i虂刹蓴虁	ka虂_冒i虂刹蓴虁
ka虂ji虁	ka虂ji虁
ka虂ka虁艐u虂	ka虂ka虁艐u虂
ka虂lo虂	ka虂lo虂
ka虂p蓴虂	ka虂p蓴虂
ka虂re虂	ka虂re虁	ka虂re虂
ka虂t酞a虁t酞a虁	ka虂t酞a虁t酞a虁
ka虂艐ci虁	ka虂艐ci虁
ka虂艐t酞a虁	ka虂艐t酞a虁
ka虂艐u虂	ka虂艐u虂
ka虂删蓴虂g蓻虂	ka虂删蓴虂g蓻虂
ke虁ro虂	ke虁ro虂
ki虁co虁	ki虁co虁
ki虁j蓴虂	ki虁j蓴虂
ki虁c蓹lo虁	ki虁c蓹lo虁	ki虁c蓹虁lo虁	ki虂c蓹虁lo虁
ki虂j蓴虂艐	ki虂j蓴虂艐
ki虂冒蓻虁	ki虂冒蓻虁
kn虂na虁	kn虂na虁
ko虁刹a虂	ko虁刹a虂
ku虁rmu虁冒蓴虁	ku虁rmu虁冒蓴虁
ku虂j蓻虁l	ku虂j蓻虁l
ku虂ku虁	ku虂ku虁	ku虂ku虂
ku虂ku虁艐u虂	ku虂ku虁艐u虂
ku虂山u虁蓴虁	ku虂山u虁蓴虁
ku虂山蓻虁l	ku虂山蓻虁l
k蓴虁la虁	k蓴虁la虁
k蓴虁li虁t酞蓴虂	k蓴虁li虁t酞蓴虂
k蓴虁rn蓴虂	k蓴虁rn蓴虂
k蓴虂ri虁	k蓴虂ri虁
k蓴虂t酞i虁t酞i虁冒蓴虁	k蓴虂t酞i虁t酞i虁冒蓴虁
k蓹虁bu虁li虁ji虂	k蓹虁bu虁li虁ji虂
k蓹虁r艐i虁t酞u虂	k蓹虁r艐i虁t酞u虂
k蓹虁r蓹虁mna虂	k蓹虁r蓹虁mna虂
k蓹虁ve虂	k蓹虁ve虂
k蓹虁v蓹虁l蓻虁冒蓴虂	k蓹虁v蓹虁l蓻虁冒蓴虂	k蓹虂v蓹虁l蓻虁冒蓴虂
k蓹虁v蓹虁l蓻虁冒蓴虂艐	k蓹虁v蓹虁l蓻虁冒蓴虂艐
k蓹虁冒i虁刹蓴虂	k蓹虁冒i虁刹蓴虂	k蓹虂冒i虁刹蓴虂
k蓹虁艐a虁ca虂	k蓹虁艐a虁ca虂
k蓹虁艐a虁ca虂艐a虂	k蓹虁艐a虁ca虂艐a虂
k蓹虂n蓴虁na虁	k蓹虂n蓴虁na虁
k蓹虂v蓹虁l蓻虁冒蓴虂g蓻虂	k蓹虂v蓹虁l蓻虁冒蓴虂g蓻虂
k蓹虂v蓹虁l蓻虁冒蓴虂l	k蓹虂v蓹虁l蓻虁冒蓴虂l
k蓹虂冒i虁刹蓴虁	k蓹虂冒i虁刹蓴虁
k蓹虂艐a虁ci虂	k蓹虂艐a虁ci虂
k蓻虁删蓴虂	k蓻虁删蓴虂
k蓻虂	k蓻虂
k蓻虂c蓻虂ci虂	k蓻虂c蓻虂ci虂
k蓻虂r	k蓻虂r
k蓽虂lu虁艐u虂	k蓽虂lu虁艐u虂
k蓽虂艐c蓴虁	k蓽虂艐c蓴虁
la虁	la虁	la虂
la虁_d蓴虂艐冒蓻虁	la虁_d蓴虂艐冒蓻虁
la虁_la虂ci虁	la虁_la虂ci虁
la虁_v删a虂冒蓻虁	la虁_v删a虂冒蓻虁
la虁v蓹虁删a虁	la虁v蓹虁删a虁
la虁艐i虁艐nu虂	la虁艐i虁艐nu虂
la虂_bu虁li虁ji虂	la虂_bu虁li虁ji虂
la虂_k蓻虂删a虁	la虂_k蓻虂删a虁
la虂_l蓹虁vci虂	la虂_l蓹虁vci虂
la虂_r虂da虁	la虂_r虂da虁
la虂_艐a虂ca虁	la虂_艐a虂ca虁
la虂_删蓴虂冒a虁	la虂_删蓴虂冒a虁
la虂bo虁t酞蓻虁	la虂bo虁t酞蓻虁
la虂br虁t酞蓻虁	la虂br虁t酞蓻虁
la虂pi虁n蓴虂	la虂pi虁n蓴虂
la虂删a虁	la虂删a虁
la虂删l虁a虁	la虂删l虁a虁
la虂删蓻虂	la虂删蓻虂
la虃删o虁	la虃删o虁
ld蓴虂	ld蓴虂
le虁de虂刹a虂	le虁de虂刹a虂
li虁c蓹虁lo虁	li虁c蓹虁lo虁
li虁l蓴虁冒蓴虂	li虁l蓴虁冒蓴虂
li虂	li虂
li虂di虂	li虂di虂
lo虁la虂	lo虁la虂
lo虁lo虂	lo虁lo虂
lo虁tu虁w蓻虂l	lo虁tu虁w蓻虂l	lo虂tu虁w蓻虂l
lo虁u虂	lo虁u虂
lo虁冒a虁	lo虁冒a虁
lu虁删n蓴虁	lu虁rn蓴虁	lu虂rn蓴虁
lu虂bu虂t蓻虂	lu虂bu虂t蓻虂
lu虂蓴虂	lu虂蓴虂
l蓴虁m蓴虁	l蓴虁m蓴虁	l蓴虂m蓴虁
l蓴虂da虁	l蓴虂da虁
l蓴虂m蓻虂	l蓴虂m蓻虂
l蓴虂山a虂	l蓴虂山a虂
l蓴虂删蓴虂	l蓴虂删蓴虂
l蓹虁bu虁li虁ji虂	l蓹虁bu虁li虁ji虂
l蓹虁bu虂	l蓹虁bu虂
l蓹虁d蓴虁艐冒a虁t酞蓻虁	l蓹虁d蓴虁艐冒a虁t酞蓻虁
l蓹虁ma虁冒	l蓹虁ma虁冒
l蓹虁n虁蓴虂	l蓹虁n虁蓴虂
l蓹虁r虁l蓻虁刹i虂	l蓹虁r虁l蓻虁刹i虂
l蓹虁t酞删蓴虁	l蓹虁t酞删蓴虁
l蓹虁va虁vra虁	l蓹虁va虁vra虁	l蓹虂va虁vra虁	l蓹虂va虁v删a虁
l蓹虁v蓹虁l蓻虁冒蓴虂	l蓹虁v蓹虁l蓻虁冒蓴虂
l蓹虁v蓹虂r	l蓹虁v蓹虂r
l蓹虁v蓽虁山蓴虁	l蓹虁v蓽虁山蓴虁
l蓹虁v删a虁冒蓴虂	l蓹虁v删a虁冒蓴虂
l蓹虂	l蓹虂
l蓹虂t酞蓹虂v蓻虁	l蓹虂t酞蓹虂v蓻虁
l蓹虂va虁v删i虁	l蓹虂va虁v删i虁
l蓻虁	l蓻虁
l蓻虁ga虁删蓻虂艐i虁	l蓻虁ga虁删蓻虂艐i虁
l蓻虁rdi虁	l蓻虁rdi虁
l蓻虁艐ga虁lo虂	l蓻虁艐ga虁lo虂
l蓻虂艐g蓻虂n	l蓻虁艐g蓻虂n	l蓻虂艐g蓻虂n
l蓻虂la虁	l蓻虂la虁
l蓻虂l蓻虂n	l蓻虂l蓻虂n
l蓻虂艐ga虂j	l蓻虂艐ga虂j
l蓻虂刹蓻虂	l蓻虂刹蓻虂
l蓽虁di虂	l蓽虁di虂
mu虁冒u虁	mu虁冒u虁	mu虂冒u虁
mu虁冒蓴虁	mu虁冒蓴虁	mu虂冒蓴虁
m虂蓴虂	m虂蓴虂
na虁re虂	na虁re虂
na虁艐no虁	na虁艐no虁
ndri虂	ndri虂
nd蓴虂n	nd蓴虂n
nd酞蓴虁ba虁	nd酞蓴虁ba虁	nd酞蓴虁ba虂
nd酞蓴虁ba虁g蓻虁	nd酞蓴虁ba虁g蓻虁
ni虁c蓹虁lo虁	ni虁c蓹虁lo虁
nu虁n	nu虁n
nu虁冒蓻虁	nu虁冒蓻虁
n蓴虁rn蓴虂	n蓴虁rn蓴虂
n蓴虂k蓻虁n	n蓴虂k蓻虁n
n蓴虂n蓻虁	n蓴虂n蓻虁
n蓴虂艐n蓴虁	n蓴虂艐n蓴虁
n蓹虁n虁蓴虂	n蓹虁n虁蓴虂
n蓹虁v蓹虁l蓻虁冒蓴虂	n蓹虁v蓹虁l蓻虁冒蓴虂
n蓻虁	n蓻虁	n蓻虂
n蓻虁la虁山a虁	n蓻虁la虁山a虁
n蓻虁l蓻虁	n蓻虁l蓻虁
n蓻虂冒蓴虂	n蓻虂冒蓴虂
n蓻虂删a虂	n蓻虂删a虂
n虂d删i虁	n虂d删i虁
o虁删a虁	o虁删a虁
o虂艐o虁r	o虂艐o虁r
pi虁n蓴虂	pi虁n蓴虂
ra虂_v蓹虁l蓻虁冒蓴虂	ra虂_v蓹虁l蓻虁冒蓴虂
r蓴虁m蓴虁ca虁	r蓴虁m蓴虁ca虁
r蓴虁m蓴虁c蓴虁	r蓴虁m蓴虁c蓴虁
r蓹虁bu虁lu虂	r蓹虁bu虁lu虂
r虁艐蓴虁	r虁艐蓴虁	r虂艐蓴虁
r虁山o虁	r虁山o虁
r虂l蓻虁刹i虁	r虂l蓻虁刹i虁
sa虁mi虁刹i虂	sa虁mi虁刹i虂
sa虂da虁n	sa虂da虁n
sa虂ta虁山a虂n	sa虂ta虁山a虂n	sa虂ta虂山a虁n
sa虂冒u虂山a虁	sa虂冒u虂山a虁
si虁c蓹虁lo虁	si虁c蓹虁lo虁
s蓴虁山i虁t酞蓴虂	s蓴虁山i虁t酞蓴虂
s蓴虁山i虂艐g蓴虂	s蓴虁山i虂艐g蓴虂
s蓻虂	s蓻虂
tu虂t蓴虂	tu虂t蓴虂
t酞a虁删蓴虂t酞蓻虂	t酞a虁删蓴虂t酞蓻虂
t酞a虂	t酞a虂
t酞i虁j蓴虂	t酞i虁j蓴虂
t酞i虁mi虂艐i虁	t酞i虁mi虂艐i虁
t酞o虁le虁刹a虂	t酞o虁le虁刹a虂	t酞o虂le虁刹a虂
t酞o虁le虂	t酞o虁le虂	t酞o虁l蓻虂	t酞o虂le虂
t酞蓴虁la虁	t酞蓴虁la虁
t酞蓴虁w蓽虁ni	t酞蓴虁w蓽虁ni	t酞蓴虂w蓽虁ni虁
t酞蓹虁ma虁n	t酞蓹虁ma虁n
u虁d酞蓴虂	u虁d酞蓴虂
u虁lu虁艐u虂	u虁lu虁艐u虂
u虁n蓻虂r蓻虂	u虁n蓻虂r蓻虂	u虁n蓻虂删蓻虂	u虂n蓻虂删蓻虂
u虁删n蓴虁	u虁rn蓴虁	u虁删n蓴虁	u虂rn蓴虁
u虁rn蓻虁艐g蓻虂j	u虁rn蓻虁艐g蓻虂j
u虁蔁i虂	u虁蔁i虂
u虁山ca虁ci虂	u虁山ca虁ci虂
u虂冒蓻虁	u虂冒蓻虁
u虂山i虁	u虂山i虁
vr	vr
vr虁冒a虁冒i虁n蓴虂	vr虁冒a虁冒i虁n蓴虂
v蓹虁l蓻虁冒蓻虁	v蓹虁l蓻虁冒蓻虁
v蓹虂l蓻虂ci虂	v蓹虂l蓻虂ci虂
v山a虁n	v山a虁n
冒a虁	冒a虁	冒a虂
冒a虁_v蓹虂l蓻虁冒蓻虁	冒a虁_v蓹虂l蓻虁冒蓻虁
冒a虁_冒蓹虂v蓹虁l蓻虁冒a虁	冒a虁_冒蓹虂v蓹虁l蓻虁冒a虁
冒a虁ba虁	冒a虁ba虁
冒a虁l	冒a虁l
冒a虁r	冒a虁r	冒a虂r
冒a虁艐a虁l	冒a虁艐a虁l	冒a虂艐a虁l
冒a虁艐a虁la虁	冒a虁艐a虁la虁	冒a虂艐a虁la虁
冒a虂_v蓹虂l蓻虁冒a虁	冒a虂_v蓹虂l蓻虁冒a虁
冒a虂br虁t酞a虁	冒a虂br虁t酞a虁	冒a虂br虂t酞a虂
冒a虂le虁艐蓴虂	冒a虂le虁艐蓴虂
冒a虂lga虁ra虃j	冒a虂lga虁ra虃j
冒a虂mla虂	冒a虂mla虂
冒a虂pa虁t酞蓻虁	冒a虂pa虁t酞蓻虁
冒a虂艐a虁	冒a虂艐a虁
冒a虂山a虁	冒a虂山a虁
冒a虂山i虂冒a虂	冒a虂山i虂冒a虂
冒a虂删蓴虂冒蓻虂	冒a虂删蓴虂冒蓻虂
冒i虁c蓹虁lo虁	冒i虁c蓹虁lo虁
冒i虁j蓴虂	冒i虁j蓴虁	冒i虁j蓴虂
冒i虂ci虂la虂	冒i虂ci虂la虂
冒i虂ja虂	冒i虂ja虂
冒i虂nd酞蓴虁t酞蓴虁	冒i虂nd酞蓴虁t酞蓴虁
冒i虂刹蓴虁	冒i虂刹蓴虁
冒o虂w蓻虂	冒o虂w蓻虂
冒o虂w虁	冒o虂w虁
冒u虂m蓴虁冒蓴虁	冒u虂m蓴虁冒蓴虁	冒u虂m蓴虂冒蓴虂
冒u虂山i虁	冒u虂山i虁	冒u虂山i虂
冒u虂山冒i虁冒蓴虁	冒u虂山冒i虁冒蓴虁
冒蓴虁la虁	冒蓴虁la虁
冒蓴虁m蓴虁c蓴虁	冒蓴虁m蓴虁c蓴虁	冒蓴虂m蓴虁c蓴虁
冒蓴虁nda虁	冒蓴虁nda虁
冒蓴虂	冒蓴虂
冒蓴虂m蓴虁ca虁	冒蓴虂m蓴虁ca虁
冒蓴虂山da虁	冒蓴虂山da虁
冒蓴虃n	冒蓴虃n
冒蓹虁bu虁li虁ji虂	冒蓹虁bu虁li虁ji虂
冒蓹虁d蓴虁山蓴虁	冒蓹虁d蓴虁山蓴虁	冒蓻虂d蓴虁山蓴虂
冒蓹虁k蓴虁t酞i虁n蓴虁	冒蓹虁k蓴虁t酞i虁n蓴虁
冒蓹虁m蓻虁r冒蓴虂	冒蓹虁m蓻虁r冒蓴虂
冒蓹虁山a虁	冒蓹虁山a虁
冒蓹虂g蓴虁c蓴虁	冒蓹虂g蓴虁c蓴虁
冒蓹虂la虂山a虂	冒蓹虂la虂山a虂
冒蓹虂l蓹虁艐a虁	冒蓹虂l蓹虁艐a虁
冒蓹虂t酞蓴虁	冒蓹虂t酞蓴虁
冒蓹虂t酞蓹虂va虁	冒蓹虂t酞蓹虂va虁
冒蓹虂v蓹虁l蓻虁冒蓴虂	冒蓹虂v蓹虁l蓻虁冒蓴虂
冒蓹虂冒a虂	冒蓹虂冒a虂
冒蓹虂蔁i虂冒蓴虂	冒蓹虂蔁i虂冒蓴虂
冒蓹虂山i虁刹a虁	冒蓹虂山i虁刹a虁
冒蓻虁	冒蓻虁
冒蓻虂t酞蓽虂li虂r虂	冒蓻虂t酞蓽虂li虂r虂
冒蓻虂艐蓻虂n	冒蓻虂艐蓻虂n
冒蓽虂ri虂bi虁	冒蓽虂ri虂bi虁
艐a虁	艐a虁	艐a虂
艐a虁_v蓹虂l蓻虁冒蓻虁	艐a虁_v蓹虂l蓻虁冒蓻虁
艐a虁ci虁li虂	艐a虁ci虁li虂
艐a虁ci虂	艐a虁ci虂
艐a虁m蓴虁r冒蓴虂	艐a虁m蓴虁r冒蓴虂
艐a虂m山a虂删蓻虁	艐a虁m山a虂re虁	艐a虂m山a虂删蓻虁
艐a虂_ma虁nu虂	艐a虂_ma虁nu虂
艐a虂_n蓴虂na虁	艐a虂_n蓴虂na虁
艐a虂_v蓹虁l蓻虁冒蓴虂	艐a虂_v蓹虁l蓻虁冒蓴虂
艐a虂br虁t酞蓻虁	艐a虂br虁t酞蓻虁
艐a虂ca虁	艐a虂ca虁
艐a虂n	艐a虂n
艐a虂v蓻虂	艐a虂v蓻虂
艐a虂刹a虁	艐a虂刹a虁	艐a虃刹a虁
艐a虂山a虁	艐a虂山a虁
艐a虂删a虁	艐a虂删a虁
艐a虂删l虁蓻虂艐i虂	艐a虂删l虁蓻虂艐i虂
艐a虃j	艐a虃j	艐a虒i
艐ga虁	艐ga虁	艐ga虂
艐ga虁o虂	艐ga虁o虂
艐ga虂_di虂ja虁	艐ga虂_di虂ja虁
艐ga虂_d酞u虂删蓴虁	艐ga虂_d酞u虂删蓴虁
艐ga虂_k蓹虁lci虂	艐ga虂_k蓹虁lci虂
艐ga虂_n蓴虂na虁	艐ga虂_n蓴虂na虁	艐虁ga虂n蓴虃na虁
艐ga虂_山i虂刹i虁n蓴虁	艐ga虂_山i虂刹i虁n蓴虁
艐ga虂ja虂ja虁t酞a虁	艐ga虂ja虂ja虁t酞a虁
艐ga虂删艐i虂t酞蓴虁	艐ga虂删艐i虂t酞蓴虁
艐gi虁t酞蓴虂	艐gi虁t酞蓴虂
艐g蓴虁t酞i虁ji虂	艐g蓴虁t酞i虁ji虂
艐g蓻虂la虁	艐g蓻虂la虁
艐i虁c蓴虁	艐i虁c蓴虁
艐i虁c蓹虁lo虁	艐i虁c蓹虁lo虁
艐i虁冒蓻虁ni虂	艐i虁冒i虁ni虂	艐i虁冒蓻虁ni虂
艐i虂di虂	艐i虂di虂
艐i虂d蓴虁t酞蓴虂	艐i虂d蓴虁t酞蓴虂
艐i虃艐	艐i虃艐
艐o虁山o虂n	艐o虁山o虂n
艐r蓴虂ba虁	艐r蓴虂ba虁	艐r蓴虃ba虁
艐u虁bu虂t酞u虂	艐u虁bu虂t酞u虂
艐u虁d酞o虂	艐u虁d酞o虂	艐蕣虁do虂
艐u虁冒i虁	艐u虁冒i虁
艐u虂	艐u虂
艐u虂c蓴虂	艐u虂c蓴虂
艐u虂m蓴虁冒蓴虁	艐u虂m蓴虁冒蓴虁
艐u虂山ca虁	艐u虂山ca虁
艐蓴虁la虁	艐蓴虁la虁
艐蓴虁m蓴虁	艐蓴虁m蓴虁	艐蓴虂m蓴虁
艐蓴虁刹a虁	艐蓴虁刹a虁
艐蓴虁山i虂艐g蓴虂	艐蓴虁山i虂艐g蓴虂	艐蓴虂山i虂艐g蓴虂
艐蓴虂	艐蓴虂
艐蓴虂la虂	艐蓴虂la虂
艐蓴虂冒蓴虂	艐蓴虂冒蓴虂
艐蓴虂冒蓻虂	艐蓴虂冒蓻虂
艐蓴虂山a虁t酞a虂t蓻虂	艐蓴虂山a虁t酞a虂t蓻虂
艐蓹虁t酞蓹虂v蓻虁	艐蓹虁t酞蓹虂v蓻虁
艐蓹虁v蓹虁l蓻虁冒蓴虂	艐蓹虁v蓹虁l蓻虁冒蓴虂
艐蓹虁山a虁	艐蓹虁山a虁	艐蓹虁山a虂
艐蓻虂n	艐蓻虂n
艐蓻虂n蓻虁	艐蓻虂n蓻虁	艐蓻虂n蓻虂
蓴虁ndi虁	蓴虁ndi虁	蓴虂ndi虁
蓴虁rn蓴虂	蓴虁rn蓴虂
蓴虁山a虂	蓴虁山a虂
蓴虁山蔁蓻虁ca虂	蓴虁山蔁蓻虁ca虂
蓴虂蔁蓴虁	蓴虂蔁蓴虁	蓴虂蔁蓴虂
蓴虂山蔁蓻虁ci虁	蓴虂山蔁蓻虁ci虁
蓴虂山蔁蓻虁c蓴虁艐n蓴虁	蓴虂山蔁蓻虁c蓴虁艐n蓴虁
蓹虁艐na虂	蓹虁艐na虂
蓻虁la虁山a虁	蓻虁la虁山a虁	蓻虂la虁山a虁
蓻虁vla虁	蓻虁vla虁
蓻虁冒蓻虁	蓻虁冒蓻虁	蓻虂冒蓻虁
蓻虁删a虂冒蓻虂	蓻虁删a虂冒蓻虂
蓻虁删蓹虁mt酞u虁	蓻虁删蓹虁mt酞u虁
蓻虂ga虒j	蓻虂ga虒j
蓻虂g蓴虂	蓻虂g蓴虂
蓻虂g蓻虂n	蓻虂g蓻虂n
蓻虂la虁	蓻虂la虁
蓻虂l蓴虂	蓻虂l蓴虂
蓻虂n蓴虂	蓻虂n蓴虂
蓻虂rd蓴虂	蓻虂rd蓴虂
蓻虂山蓻虂	蓻虂山蓻虂
蔁i虂冒蓻虂ci虂	蔁i虂冒蓻虂ci虂
刹a虁l蓻虂la虁	刹a虁l蓻虂la虁
刹a虁v蓹虁l蓻虁冒a虂艐a虁	刹a虁v蓹虁l蓻虁冒a虂艐a虁
刹i虁c蓹虁lo虁	刹i虁c蓹虁lo虁
刹蓴虁山i虂艐g蓴虂	刹蓴虁山i虂艐g蓴虂
刹蓹虁山a虁	刹蓹虁山a虁
删a虂ci虂	删a虂ci虂
蕣虁mi虁	蕣虁mi虁
蕣虁m蓴虂	蕣虁m蓴虂
