keyword,keyword_id,sentence_id,translation,original_sentence,textnorm_sentence,audionorm_sentence,audio_quality,comment
a虁p删i虂,0.0,484,The boy will pull me here tomorrow.,a虁p删i虂 ja虒艐i虃vl蓻虁冒蓴虂 n虁do虁ba虁g蓻虁,a虁p删i虂 ja虂艐蓻虃_v蓹虁l蓻虁冒蓴虂 nd酞蓴虁ba虁g蓻虁,,,
a虁p删i虂,,4381,every boy broke his stick,kn虂na虁 a虁p删i虂 j蓻虁ga虁r蓴虂 冒o虂w蓻虂 i虂冒u虁n,kn虂na虁 a虁p删i虂 j蓻虁ga虁删蓴虂 冒o虂w蓻虂 i虂冒u虁n,,,
a虁p删i虂,,6755,the boy wants to eat the meat,a虁p删i虂 ja虃du虁删蓴虂 冒i虂ja虂 蓻虂冒蓻虁,a虁p删i虂 ja虂_d酞u虁删蓴虂 冒i虂ja虂 蓻虂冒蓻虁,,,
冒蓴虁m蓴虁c蓴虁,,3326,The man wrestled him,k蓹虁bu虁li虁ji虂 冒蓴虂m蓴虁c蓴虁,k蓹虁bu虁li虁ji虂 冒蓴虂m蓴虁c蓴虁,,,
a虁p删i虂,,20254,the boy grandpa said the lion bit is small,a虁p删i虂 ja虂删蓴虂j蓻虂 u虁删n蓴虁 t酞a虂 ja虁m蓹虁删冒蓴虂 t酞蕣虁li虂 j蓻虁ta虁n,a虁p删i虂 ja虂删蓴虂j蓻虂 u虁rn蓴虁 t酞a虂 j蓹虁m蓻虁删冒蓴虂 t酞u虁di虂 ji虁ta虁n,,,
a虁p删i虂,,20057,the boy his mother loves is happy,a虁p删i虂 ja虂mi虁刹i虂 l蓻虂艐g蓻虂n ja虂mi虁刹i虂 冒i虂刹蓴虁,a虁p删i虂 ja虂mi虁刹i虂 l蓻虂艐g蓻虂n ja虂mi虁刹i虂 冒i虂刹蓴虁,,,
a虁p删i虂,,18157,the boy was shown to Kuku (and left),a虁p删i虂 ja虒艐ci虁n蓻虁 ku虂ku虁艐u虂,a虁p删i虂 ja虂艐ci虁n蓻虁 ku虂ku虁艐u虂,,,
a虁p删i虂,,17481,the boy is sitting in the tree (in the branches),a虁p删i虂 ja虂冒i虂di虁ja虁 冒u虂山i虂 ka虁删i虂,a虁p删i虂 ja虂冒i虂di虁ja虁 冒u虂山i虂 ka虁删i虂,,,
a虁p删i虂,,6786,the boy whose pot the dog fell onto is sad,a虁p删i虂 j蓻虂艐g蓻虂n 艐i虂d蓴虁t酞蓴虂 li虂di虂 na虁no虁o虒 j蓻虁山o虁 a虂no虁,a虁p删i虂 j蓻虂艐g蓻虂n 艐i虂d蓴虁t酞蓴虂 li虂di虂 n蓹虁n虁蓴虂 j蓻虂a虁山o虂 a虂no虂,,,
a虁p删i虂,,5851,grandfather said the boy will eat what?,u虁删n蓴虁 ka虂删蓴虂 a虁p删i虂 ja虂ja虁 蓴虂ndi虁,u虁rn蓴虁 ka虂删蓴虂 a虁p删i虂 ja虂ja虁 蓴虂ndi虁,,,
冒蓴虁m蓴虁c蓴虁,,683,The man pulled the sheep away,冒蓴虁m蓴虁c蓴虒 冒a虁v蓹虂l蓻虃冒蓻虁 冒a虁艐a虁la虁,冒蓴虁m蓴虁c蓴虁 冒a虁_v蓹虂l蓻虁冒蓻虁 冒a虁艐a虁la虁,,,
冒蓴虁m蓴虁c蓴虁,,3320,The man wrestled the boy,冒a虁m蓴虁co虁 冒蓹虁bu虁li虁ji虂 a虂pri虂刹a虃,冒蓴虁m蓴虁c蓴虁 冒蓹虁bu虁li虁ji虂 a虂p删i虂刹a虂,,,
冒蓴虁m蓴虁c蓴虁,,5040,I broke the man's gourd,ji虂gi虂刹蓴虂 冒蓴虁nda虁 冒蓻虂 冒蓴虁m蓴虁c蓴虁,ji虂gi虁刹蓴虂 冒蓴虁nda虁 冒蓻虁 冒蓴虁m蓴虁c蓴虁,,,
冒蓴虁m蓴虁c蓴虁,,5042,I broke the man's elbow,j蓻虂ga虁删蓴虂 lo虁la虂 l蓻虂 冒蓴虁m蓴虁c蓴虁,j蓻虂ga虁删o虂 lo虁la虂 l蓻虁 冒蓴虁m蓴虁c蓴虁,,,
冒蓴虁m蓴虁c蓴虁,,5045,"The man's elbow, I broke it",lo虁lo虂 l蓻虂 冒蓴虁m蓴虁c蓴虁 l蓻虁ga虁删蓻虂刹i虁,lo虁lo虂 l蓻虁 冒蓴虁m蓴虁c蓴虁 l蓻虁ga虁删蓻虂艐i虁,,,
冒蓴虁m蓴虁c蓴虁,,6351,That's the man.,a虒n 冒蓴虁m蓴虁c蓴虁 冒蓴虁n,a虁n 冒蓴虁m蓴虁c蓴虁 冒蓴虃n,,,
冒蓴虁m蓴虁c蓴虁,,15663,What will the man pull tomorrow? ,冒蓹虁m蓴虁c蓴虂 冒a虂v蓹虁l蓻虁冒a虁 蓴虁ndi nd酞蓴虁ba虁,冒蓴虁m蓴虁c蓴虁 冒a虂_v蓹虂l蓻虁冒a虁 蓴虁ndi虁 nd酞蓴虁ba虁,,,
冒蓴虁m蓴虁c蓴虁,,16669,The man took meat from the boy yesterday,冒a虁m蓴虁co虁 冒a虒pa虁t酞蓻虁 a虁pri虂刹a虂 e虁冒e虁 u虁n蓻虁删蓻虁,冒蓴虁m蓴虁c蓴虁 冒a虂pa虁t酞蓻虁 a虁p删i虂刹a虂 蓻虁冒蓻虁 u虁n蓻虂删蓻虂,,,
冒蓴虁m蓴虁c蓴虁,,3299,the man is good.,冒蓴虁m蓴虁c蓴虁 冒i虁c蓹虁lo虁,冒蓴虁m蓴虁c蓴虁 冒i虁c蓹虁lo虁,,,
a虁p删i虂,,506,The boy will pull us excl. here tomorrow,a虁p删i虂 i虁刹a虂rvl蓻虃冒蓴虂 n虁do虁ba虁g蓻虁,a虁p删i虂 i虁刹a虂rvl蓻虃冒蓴虂 nd酞蓴虁ba虁g蓻虁,,,
l蓻虂艐g蓻虂n,,1139,he saw his mother,ja虂艐蕣虂 l蓻虃艐g蓻虒n,ja虁艐u虂 l蓻虂艐g蓻虂n,,,
l蓻虂艐g蓻虂n,,2276,The baby (or kitten) resembles its mother,蓴虁删a虂 k蓴虁lit酞蓴虂 l蓻虂艐g蓻虁n,o虁删a虁 k蓴虁li虁t酞蓴虂 l蓻虂艐g蓻虂n,,,
l蓻虂艐g蓻虂n,,3637,His/Her mother is tall,l蓻虂艐g蓻虂n k蓴虁la虁,l蓻虂艐g蓻虂n k蓴虁la虁,,,
l蓻虂艐g蓻虂n,,4637,It (the small donkey) resembles it's mom (exactly),so虁山i虁t酞蓴虂 li虂艐g蓻虂n ga虂lo虁,s蓴虁山i虁t酞蓴虂 l蓻虂艐g蓻虂n ka虂lo虂,,,
l蓻虂艐g蓻虂n,,5299,I visited Kuku's mother,j蓻虁vl蓻虁ci虂 l蓻虃艐g蓻虂n k蓻虂 ku虂ku虁 艐a虁,j蓻虂v蓹虁l蓻虁ci虂 l蓻虂艐g蓻虂n k蓻虂 ku虂ku虁 艐a虁,,,
l蓻虂艐g蓻虂n,,6704,they will help mom inside tomorrow (far),la虂 蓴虁山ca虁ci虂 l蓻虂艐g蓻虂n a虂no虂 蓻虁山蓻虁 nd酞蓴虁ba虁,la虂 u虁山ca虁ci虂 l蓻虂艐g蓻虂n a虂no虂 蓻虂山蓻虂 nd酞蓴虁ba虁,,,
l蓻虂艐g蓻虂n,,16995,I visited Kuku's mother,j蓻虂vl蓻虁c蓽虁ci虂 ku虂ku虁艐u虂 l蓻虂艐g蓻虂n i虂gu虁n,j蓻虂v蓹虁l蓻虁c蓻虁ci虂 ku虂ku虁艐u虂 l蓻虂艐g蓻虂n i虂gu虁n,,,
l蓻虂艐g蓻虂n,,20057,the boy his mother loves is happy,a虁p删i虂 ja虂mi虁刹i虂 l蓻虂艐g蓻虂n ja虂mi虁刹i虂 冒i虂刹蓴虁,a虁p删i虂 ja虂mi虁刹i虂 l蓻虂艐g蓻虂n ja虂mi虁刹i虂 冒i虂刹蓴虁,,,
l蓻虂艐g蓻虂n,,6408,they will braid each other's hair for their mother,la虂 k蓴虂t酞i虁t酞i虁冒蓴虁 l蓻虁艐g蓻虂n i虁删蓴虂,la虂 k蓴虂t酞i虁t酞i虁冒蓴虁 l蓻虁艐g蓻虂n i虁删蓴虂,,,
l蓻虂艐g蓻虂n,,11499,Kuku will introduce me to his mom,ku虂ku虁 ka虂艐c蓴虁 l蓻虁艐g蓻虁n 艐i虃艐,ku虂ku虁 ka虂艐ci虁 l蓻虁艐g蓻虂n 艐i虃艐,,,
艐蓴虁山i虂艐g蓴虂,,5097,The donkey is big.,艐蓴虁山i虂艐g蓴虂 艐蓹虁山a虁,艐蓴虁山i虂艐g蓴虂 艐蓹虁山a虁,,,
艐蓴虁山i虂艐g蓴虂,,5109,They rode the donkey (and left),la虂brt酞蓻虁 艐蓴虁山i虂艐g蓴虂 蕣虁n蓻虁删蓻虁,la虂br虁t酞蓻虁 艐蓴虁山i虂艐g蓴虂 u虁n蓻虂删蓻虂,,,
艐蓴虁山i虂艐g蓴虂,,13712,They will give the donkey food tomorrow.,la虂 艐a虂ca虁 艐蓴虁山i虂艐g蓴虂 艐蓴虁m蓴虁 nd酞蓴虁ba虁,la虂 艐a虂ca虁 艐蓴虁山i虂艐g蓴虂 艐蓴虁m蓴虁 nd酞蓴虁ba虁,,,
艐蓴虁山i虂艐g蓴虂,,14041,The donkey pulled the root away yesterday,艐蓴虁山i虂艐g蓴虂 艐a虁v蓹虂l蓻虁冒蓻虁 冒蓻虁d蓴虁山蓴虁 un蓻删蓻,艐蓴虁山i虂艐g蓴虂 艐a虁_v蓹虂l蓻虁冒蓻虁 冒蓹虁d蓴虁山蓴虁 u虁n蓻虂删蓻虂,,,
艐蓴虁山i虂艐g蓴虂,,14333,He ate food and rode the donkey yesterday (here),ki虁j蓴虂 艐蓴虂m蓴虁 n蓻虁 艐a虂br虁t酞蓻虁 艐蓴虁山i虂艐g蓴虂 un蓻删蓻,ki虁j蓴虂 艐蓴虂m蓴虁 n蓻虁 艐a虂br虁t酞蓻虁 艐蓴虁山i虂艐g蓴虂 u虂n蓻虂删蓻虂,,,
艐蓴虁山i虂艐g蓴虂,,14342,They will go to ride the donkey tomorrow,l蓻虂la虁 冒a虂br虁t酞a虁 艐蓴虁山i虂艐g蓴虂 nd酞蓴虁ba虁,l蓻虂la虁 冒a虂br虁t酞a虁 艐蓴虁山i虂艐g蓴虂 nd酞蓴虁ba虁,,,
艐蓴虁山i虂艐g蓴虂,,14528,The donkey will pull the root towards tomorrow.,艐蓴虁山i虂艐g蓴虂 艐a虂v蓹虁l蓻虁冒蓴虂 冒蓻虂d蓴虁山蓴虁 nd酞蓴虁ba虁,艐蓴虁山i虂艐g蓴虂 艐a虂_v蓹虁l蓻虁冒蓴虂 冒蓻虂d蓴虁山蓴虂 nd酞蓴虁ba虁,,,
艐蓴虁山i虂艐g蓴虂,,15637,Donkey bit boy,艐蓴虁山i虂艐g蓴虂 艐a虁m蓴虁r冒a虂pri虂刹a虃,艐蓴虁山i虂艐g蓴虂 艐a虁m蓴虁r冒蓴虂 a虂pri虂刹a虂,,,
艐蓴虁山i虂艐g蓴虂,,14044,The donkey pulled it (the root) away yesterday,冒a虁 艐蓴虂山i虂艐g蓴虂 v蓹虁l蓻虁冒蓻虁 un蓻删蓻,冒a虁 艐蓴虂山i虂艐g蓴虂 v蓹虁l蓻虁冒蓻虁 u虂n蓻虂删蓻虂,,,
艐蓴虁山i虂艐g蓴虂,,14339,Riding the donkey is good,冒a虂br虂t酞a虂 艐蓴虂山i虂艐g蓴虂 冒i虁c蓹虁lo虁,冒a虂br虂t酞a虂 艐蓴虂山i虂艐g蓴虂 冒i虁c蓹虁lo虁,,,
mu虁冒u虁,,1499,I am seeing a leopard now,i虂艐ga虂冒蓹虂no虁nna虁 mu虁冒u虁 t酞o虂wa虁ni虁,i虂艐ga虂冒蓹虂n蓴虁na虁 mu虁冒u虁 t酞蓴虂w蓽虁ni虁,,,
mu虁冒u虁,,1504,The leopard is very tall.,mu虁冒u虁 k蓴虁la虂 i虂je虂 a虂nu虂 vr,mu虁冒u虁 k蓴虁la虁 i虂j蓻虁 a虂no虂 vr,,,
mu虁冒u虁,,1510,The leopard is very bad.,mu虁冒u虁 k蓹co虂 艐a虂m山a虂删e虁,mu虁冒u虁 ki虁co虁 艐a虂m山a虂删蓻虁,,,
mu虁冒u虁,,1521,Leopard cannot be killed with a stick.,mu虁冒u虒 艐虁ga虂山i虂刹i虃n蓴虁 la虁vra虁le虁 de虁,mu虁冒u虁 艐ga虂_山i虂刹i虁n蓴虁 la虁v蓹虁删a虁 l蓻虁 d蓻虁,,,
mu虁冒u虁,,1528,The leopard is in the family of the lion.,mu虁冒u虒 a虂n 艐蓴虂la虂 艐蕣虂t酞o虁li虂艐a虃,mu虁冒u虁 a虁n 艐蓴虂la虂 艐u虂 t酞o虁le虂 艐a虂,,,
mu虁冒u虁,,1532,Leopard has a lot of power/is very powerful.,mu虁冒u虂 ko虁刹a虂 艐a虂ma虂nu虂 艐a虁m山a虂re虁,mu虁冒u虁 ko虁刹a虂 艐a虂_ma虁nu虂 艐a虁r山a虁t酞蓻虁,,,
mu虁冒u虁,,1540,Leopard often stays up in the trees.,mu虁冒u虁 艐ga虂di虂j蓽虒 u虂山i虒 蓻虂lo虂 a虁va虁n,mu虁冒u虁 艐ga虂_di虂ja虁 u虂山i虁 蓻虂l蓴虂 a虁va虁n,,,
mu虁冒u虁,,8294,leopard feared the farmer yesterday/farmer feared the leopard yesterday,mu虁冒u虁 k蓹虁冒i虁刹蓴虂 蓻虂la虁山a虁 u虁n蓻虁r蓻虁,mu虁冒u虁 k蓹虁冒i虁刹蓴虂 蓻虂la虁山a虁 u虁n蓻虂删蓻虂,,,
mu虁冒u虁,,8348,where did the leopard kill the sheep? ,mu虁冒u虁 k蓹虁山i虁艐a虁t酞蓴虂 冒a虂艐a虁la虁 艐虁ga虁,mu虁冒u虁 ka虁山蓹虁艐a虁t酞蓴虂 冒a虂艐a虁la虁 艐ga虁,,,
mu虁冒u虁,,16482,The leopard is good,mu虁冒u虁 ke虁clo虁,mu虁冒u虁 ki虁c蓹虁lo虁,,,
u虁删n蓴虁,,853,Who did grandfather say ate (it) yesterday? ,a虁n 蓴虂蔁蓴虂 ka虃r蓴虂g蓻虂 u虁rn蓴虁 ki虁jo虂 u虁n蓻虁r蓻虁,a虁n 蓴虂蔁蓴虂 ka虂删蓴虂g蓻虂 u虁rn蓴虁 ki虁j蓴虂 u虁n蓻虂删蓻虂,,,
u虁删n蓴虁,,864,grandfather said that Kuku ate it (sheep) yesterday,u虁rn蓴虁 ka虁ro虂 冒i虁jo虂 ku虂ku虁 u虁n蓻虁r蓻虁,u虁rn蓴虁 ka虁删o虂 冒i虁j蓴虂 ku虂ku虁 u虁n蓻虂删蓻虂,,,
u虁删n蓴虁,,1104,grandfather liked the song the boy sang,u虁rn蓴虁 ka虁mi虁刹i虂 冒蓹虂l蓹虁艐a虁 冒a虂l蓹虁艐蓴虂 a虂pri虁,u虁rn蓴虁 ka虁mi虁刹i虂 冒蓹虂l蓹虁艐a虁 冒a虂le虁艐蓴虂 a虂p删i虂,,,
u虁删n蓴虁,,1821,grandfather/grandmother is good,u虁rn蓴虁 ki虁c蓹虁lo虁,u虁rn蓴虁 ki虁c蓹虁lo虁,,,
u虁删n蓴虁,,1822,Grandfather pulled the sheep here,u虁rn蓴虒 k蓹虁v蓹虁l蓻虁冒蓴虂 冒a虂艐a虁la虁,u虁rn蓴虁 k蓹虁v蓹虁l蓻虁冒蓴虂 冒a虂艐a虁la虁,,,
u虁删n蓴虁,,3336,Grandfather wrestled the boy,u虁rn蓴虁 k蓹虁bu虁li虁ji虂 a虂pri虂刹a虃,u虁rn蓴虁 k蓹虁bu虁li虁ji虂 a虂p删i虂刹a虂,,,
u虁删n蓴虁,,3442,Grandfather told me the lion ate the boy,u虁rn蓴虁 ka虁rt酞i虂艐i虁 t酞o虁le虂 ti虁jo虂 a虂pri虂刹a虃,u虁rn蓴虁 ka虁rt酞i虂艐i虁 t酞o虁le虂 t酞i虁j蓴虂 a虂p删i虂刹a虂,,,
u虁删n蓴虁,,3605,Grandfather laughed,u虁rn蓴虁 k蓴虁rmu虁冒蓴虁,u虁rn蓴虁 ku虁rmu虁冒蓴虁,,,
u虁删n蓴虁,,3734,The grandfather gave the boy to Kuku,u虁rn蓴虁 艐a虁ci虂 a虂pri虂刹a虂 ku虂ku虁艐,u虁rn蓴虁 艐a虁ci虂 a虂p删i虂刹a虂 ku虂ku虁艐u虂,,,
u虁删n蓴虁,,20241,the boy grandpa said the lion bit is small,a虁p删i虂 ja虂删o虂 j蓻虂 u虁删n蓴虁 t酞a虂 ja虁m蓹虁删冒蓴虂 t酞蕣虁li虂 j蓻虁ta虁n,a虁p删i虂 ja虂删蓴虂j蓻虂 u虁rn蓴虁 t酞a虂 j蓹虁m蓻虁删冒蓴虂 t酞o虁le虂 ji虁ta虁n,,,
冒a虁艐a虁l,,779,The sheep pulled the person away,冒a虁艐a虁l 冒a虁v蓹虂l蓻虃冒蓻虁 u虁蔁i虁,冒a虁艐a虁l 冒a虁_v蓹虂l蓻虁冒蓻虁 u虁蔁i虂,,,
冒a虁艐a虁l,,15713,it's the male goat that the sheep watched (far) yesterday,a虁n 艐蓴虂冒蓻虂 艐蓴虂 n蓴虂n蓻虁 冒a虁艐a虁l u虂n蓻虂r蓻虃,a虁n 艐蓴虂冒蓻虂 艐蓴虂 n蓴虂n蓻虁 冒a虁艐a虁l u虁n蓻虂r蓻虂,,,
冒a虁艐a虁l,,15642,Sheep bit boy,冒a虁艐a虁l 冒a虁m蓴虁r冒蓴虂 a虂pri虂刹a虃,冒a虁艐a虁l 冒蓹虁m蓻虁r冒蓴虂 a虂p删i虂刹a虂,,,
冒a虁艐a虁l,,13241,The lion is pulling the sheep towards now.,冒a虁艐a虁l 冒a虁 t酞o虂le虂 冒蓹虂v蓹虁l蓻虁冒蓴虂 t酞蓴虂w蓹虁ni虁,冒a虁艐a虁l 冒a虁 t酞o虂le虂 冒蓹虂v蓹虁l蓻虁冒蓴虂 t酞蓴虂w蓽虁ni虁,,,
冒a虁艐a虁l,,13207,That sheep (out of sight) was big.,冒a虁艐a虁l 冒蓴虃n 冒蓹虁山a虁,冒a虁艐a虁l 冒蓴虃n 冒蓹虁山a虁,,,
冒a虁艐a虁l,,13098,The sheep is pulling the boy away now,冒a虁艐a虁l 冒a虁冒蓹虂v蓹虁l蓻虁冒a虁 a虁pri虂刹a虂 t酞蓴虂w蓹虁ni虁,冒a虁艐a虁l 冒a虁_冒蓹虂v蓹虁l蓻虁冒a虁 a虁p删i虂刹a虂 t酞蓴虂w蓽虁ni虁,,,
冒a虁艐a虁l,,8361,the sheep is in the pen (proximal),冒a虁艐a虁l 冒a虂 冒蓽虂ri虁bi虁,冒a虁艐a虁l 冒a虂 冒蓽虂ri虂bi虁,,,
冒a虁艐a虁l,,1832,The sheep is good,冒a虁艐a虁l 冒i虁c蓹虁lo虁,冒a虁艐a虁l 冒i虁c蓹虁lo虁,,,
冒a虁艐a虁l,,797,The sheep will pull the boy away.,冒a虁艐a虁l 冒a虒v蓹虂l蓻虃冒a虁 a虁p删i虂刹a虃,冒a虁艐a虁l 冒a虂_v蓹虂l蓻虁冒a虁 a虁p删i虂刹a虂,,,
冒a虁艐a虁l,,8359,the sheep is in the pen (distal),冒a虁艐a虁l 冒o虂w 冒蓽虂ri虃bi虁,冒a虁艐a虁l 冒o虂w虁 冒蓽虂ri虂bi虁,,,
k蓹虁v蓹虁l蓻虁冒蓴虂,,712,S/he pulled the sheep here,k蓹虁v蓹虁l蓻虁冒蓴虂 冒a虂艐a虁la虁,k蓹虁v蓹虁l蓻虁冒蓴虂 冒a虂艐a虁la虁,,,
k蓹虁v蓹虁l蓻虁冒蓴虂,,1827,My grandfather/grandmother pulled the sheep here,u虁rna虁艐ge虁i虂 k蓹虁v蓹虁l蓻虁冒蓴虂 冒a虂艐a虃la虁,u虁rn蓻虁艐g蓻虂j k蓹虁v蓹虁l蓻虁冒蓴虂 冒a虂艐a虁la虁,,,
k蓹虁v蓹虁l蓻虁冒蓴虂,,2168,grandfather pulled sheep yesterday,u虁rn蓴虁 k蓹虁v蓹虁l蓻虁冒蓴虂 冒a虂艐a虁la虁 u虁n蓻虁r蓻虁,u虁rn蓴虁 k蓹虁v蓹虁l蓻虁冒蓴虂 冒a虂艐a虁la虁 u虁n蓻虂删蓻虂,,,
k蓹虁v蓹虁l蓻虁冒蓴虂,,8475,He had pulled the roots (here) when I arrived,k蓹虁ve虂 k蓹虁v蓹虁l蓻虁冒蓴虂 e虂d蓴虁山蓴虁 n蓻虂 t酞i虁mi虂艐i虁,k蓹虁ve虂 k蓹虁v蓹虁l蓻虁冒蓴虂 e虂d蓴虁山蓴虁 n蓻虂 t酞i虁mi虂艐i虁,,,
k蓹虁v蓹虁l蓻虁冒蓴虂,,2240,Who pulled the sheep?,a虁n 蓴虂蔁蓴虂 k蓹虂v蓹虁l蓻虁冒蓴虂 冒a虂艐a虁la虁,a虁n 蓴虂蔁蓴虂 k蓹虂v蓹虁l蓻虁冒蓴虂 冒a虂艐a虁la虁,,,
k蓹虁v蓹虁l蓻虁冒蓴虂,,2247,"No, it was not grandfather who pulled it.",a虁n u虂rno虒 k蓹虂v蓹虁l蓻虁冒蓴虂 de虁,a虁n u虂rn蓴虁 k蓹虂v蓹虁l蓻虁冒蓴虂 d蓻虁,,,
k蓹虁v蓹虁l蓻虁冒蓴虂,,2255,"It was not grandfather who pulled the sheep, it was mother",a虁n u虂rno虁 k蓹虂v蓹虁l蓻虁冒蓴虂 冒a虂艐a虃la虁 de虒 a虒n a虂ja虁,a虁n u虂rn蓴虁 k蓹虂v蓹虁l蓻虁冒蓴虂 冒a虂艐a虁la虁 d蓻虁 a虁n a虂ja虁,,,
k蓹虁v蓹虁l蓻虁冒蓴虂,,692,The person pulled the sheep here.,u虁蔁i虂 k蓹虁vl蓻虁冒蓴虂 冒a虂艐a虁la虁,u虁蔁i虂 k蓹虁v蓹虁l蓻虁冒蓴虂 冒a虂艐a虁la虁,,,
k蓹虁v蓹虁l蓻虁冒蓴虂,,29,Who pulled it (sheep or something else) towards? ,a虂n 蓴虂蔁蓴虂 k蓹虂v蓹虂l蓻虁冒蓴虁,a虁n 蓴虂蔁蓴虂 k蓹虂v蓹虁l蓻虁冒蓴虂,,,
k蓹虁v蓹虁l蓻虁冒蓴虂,,8445,He pulled the roots yesterday,ka虁v蓻虁l蓻虁冒蓴虂 e虂d蓴虁山蓴虁 u虁n蓻虁删蓻虁,k蓹虁v蓹虁l蓻虁冒蓴虂 e虂d蓴虁山蓴虁 u虁n蓻虂删蓻虂,,,
ka虁艐u虂,,1136,he saw a hyena yesterday,ka虁艐蕣虂 冒a虂l蓹虂ga虁ra虃j虒 u虁n蓻虁r蓻虁,ka虁艐u虂 冒a虂lga虁ra虃j u虁n蓻虂删蓻虂,,,
ka虁艐u虂,,1667,the girl saw him/her yesterday,ka虁艐蓴虂 e虂d酞蓻虁r蓻虂 u虁n蓻虁r蓻虁,ka虁艐u虂 e虂d酞蓻虁删蓻虂 u虁n蓻虂删蓻虂,,,
ka虁艐u虂,,2409,s/he saw hoe,ka虁艐蓴虂 i虁l蓻虂冒蓻虂,ka虁艐u虂 i虁l蓻虂冒蓻虂,,,
ka虁艐u虂,,3956,Kuku saw the lion in the field,ku虂ku虁 ka虁艐u虂 t酞o虂le虁刹a虃a虂 n蓻虁 l蓹虁v蓹虁r,ku虂ku虁 ka虁艐u虂 t酞o虂le虁刹a虂 n蓻虁 l蓹虁v蓹虂r,,,
ka虁艐u虂,,3964,Kuku saw the lion there (the field),ku虂ku虁 ka虁艐u虂 t酞o虂le虁刹a虁 ju虃,ku虂ku虁 ka虁艐u虂 t酞o虂le虁刹a虂 ju虃,,,
ka虁艐u虂,,11178,even Kuku saw the lion OR Kuku even/also saw the lion,ku虂ku虁 ka虁艐u虂 t酞o虂li虁刹a虁 v山a虁n,ku虂ku虁 ka虁艐u虂 t酞o虂le虁刹a虂 v山a虁n,,,
ka虁艐u虂,,11321,Kuku saw Kaka in the field,ku虂ku虁 ka虁艐u虂 ka虂ka虁艐u虂 n蓻虁 l蓹虁v蓹虁r,ku虂ku虁 ka虁艐u虂 ka虂ka虁艐u虂 n蓻虁 l蓹虁v蓹虂r,,,
ka虁艐u虂,,11166,only Kuku saw the lion,a虁n ku虂ku虁 艐蓻虂n蓻虁 ka虂艐u虂 t酞o虂li虁刹a虁,a虁n ku虂ku虁 艐蓻虂n蓻虁 ka虂艐u虂 t酞o虂le虁刹a虂,,,
ka虁艐u虂,,11184,it's also Kuku who saw the lion,a虁n ku虂ku虁 v山a虁n ka虂艐u虂 t酞o虂li虁刹a虒,a虁n ku虂ku虁 v山a虁n ka虂艐u虂 t酞o虂le虁刹a虂,,,
ka虁艐u虂,,11185,who else saw the lion?,a虁n 蓴虂蔁蓴虂 b蓻虂t蓻虁n ka虂艐u虂 t酞o虂li虁刹a虁,a虁n 蓴虂蔁蓴虂 b蓻虂t蓻虁n ka虂艐u虂 t酞o虂le虁刹a虂,,,
i虂艐ga虂_n蓴虁na虁,,1025,I am about to see the dress now,i虂艐ga虂n蓴虃na虁 lu虂w蓴虂 t蓽虂w蓽虁ni虁,i虂艐ga虂_n蓴虂na虁 lu虂蓴虂 t酞蓴虂w蓽虁ni虁,,,
i虂艐ga虂_n蓴虁na虁,,1033,I am about to see the skirt now,i虂艐ga虂n蓴虃na虁 l虁t酞删蓴虁 t蓽虂w蓽虁ni虁,i虂艐ga虂_n蓴虂na虁 l蓹虁t酞删蓴虁 t酞蓴虂w蓽虁ni虁,,,
i虂艐ga虂_n蓴虁na虁,,1461,"I didn't see Kuku, I saw Kalu",i艐g蓴虂n蓴虂na虁 ku虂ku虂艐 de虂 i虂艐ga虂冒u虂删u虂 ku虂n蓴虃na虂 k蓽虂lu虂艐o虁,i虂艐ga虂_n蓴虂na虁 ku虂ku虁艐u虂 d蓻虁 i虂艐ga虂冒u虂删u虂 k蓹虂n蓴虁na虁 k蓽虂lu虁艐u虂,,,
i虂艐ga虂_n蓴虁na虁,,6431,I will see the chicken tomorrow.,i虂艐ga虂n蓴虂na虁 o虂删蓻虂 nd酞蓴虁ba虁,i虂艐ga虂_n蓴虂na虁 o虂删蓻虂 nd酞蓴虁ba虁,,,
i虂艐ga虂_n蓴虁na虁,,6955,I will see the coconut.,i虂艐ga虂n蓴虁na虁 le虁de虂刹a虃,i虂艐ga虂_n蓴虂na虁 le虁de虂刹a虂,,,
i虂艐ga虂_n蓴虁na虁,,9506,I will see the sibling tomorrow,i虂艐ga虂n蓴虁na虁 i虁l艐i虁n蓴虁 nd酞蓴虁ba虁,i虂艐ga虂_n蓴虂na虁 i虁l艐i虁n蓴虁 nd酞蓴虁ba虁,,,
i虂艐ga虂_n蓴虁na虁,,9510,I will see the trough tomorrow,i虂艐ga虂n蓴虁na虁 i虂ri虂 nd酞蓴虁ba虁,i虂艐ga虂_n蓴虂na虁 i虂ri虂 nd酞蓴虁ba虁,,,
i虂艐ga虂_n蓴虁na虁,,9473,I will see the fences tomorrow,i虂艐ga虂n蓴虁na虁 n蓻虂删a虂 nd酞蓴虁ba虁,i虂艐ga虂_n蓴虂na虁 n蓻虂删a虂 nd酞蓴虁ba虁,,,
i虂艐ga虂_n蓴虁na虁,,9442,I will see the gourd pieces or mushrooms (sp.) tomorrow,i虂艐ga虂n蓴虁na虁 n蓻虁l蓻虁 nd酞蓴虁ba虁,i虂艐ga虂_n蓴虂na虁 n蓻虁l蓻虁 nd酞蓴虁ba虁,,,
i虂艐ga虂_n蓴虁na虁,,9437,I will see the farmers tomorrow,i虂艐ga虂n蓴虁na虁 n蓻虁la虁山a虁 nd酞蓴虁ba虁,i虂艐ga虂_n蓴虂na虁 n蓻虁la虁山a虁 nd酞蓴虁ba虁,,,
